--
-- PostgreSQL database dump
--

\restrict eVlfi78pJBEdftzSVdmPjhBHq3syn6ZjiEm1blA0ta27l9pwdkhCzaAzSb5RM2I

-- Dumped from database version 16.10
-- Dumped by pg_dump version 17.6

-- Started on 2025-11-04 01:41:41

SET statement_timeout = 0;
SET lock_timeout = 0;
SET idle_in_transaction_session_timeout = 0;
SET transaction_timeout = 0;
SET client_encoding = 'UTF8';
SET standard_conforming_strings = on;
SELECT pg_catalog.set_config('search_path', '', false);
SET check_function_bodies = false;
SET xmloption = content;
SET client_min_messages = warning;
SET row_security = off;

SET default_tablespace = '';

SET default_table_access_method = heap;

--
-- TOC entry 238 (class 1259 OID 16932)
-- Name: AspNetRoleClaims; Type: TABLE; Schema: public; Owner: innhotel_user
--

CREATE TABLE public."AspNetRoleClaims" (
    "Id" integer NOT NULL,
    "RoleId" text NOT NULL,
    "ClaimType" text,
    "ClaimValue" text
);


ALTER TABLE public."AspNetRoleClaims" OWNER TO innhotel_user;

--
-- TOC entry 237 (class 1259 OID 16931)
-- Name: AspNetRoleClaims_Id_seq; Type: SEQUENCE; Schema: public; Owner: innhotel_user
--

ALTER TABLE public."AspNetRoleClaims" ALTER COLUMN "Id" ADD GENERATED BY DEFAULT AS IDENTITY (
    SEQUENCE NAME public."AspNetRoleClaims_Id_seq"
    START WITH 1
    INCREMENT BY 1
    NO MINVALUE
    NO MAXVALUE
    CACHE 1
);


--
-- TOC entry 235 (class 1259 OID 16917)
-- Name: AspNetRoles; Type: TABLE; Schema: public; Owner: innhotel_user
--

CREATE TABLE public."AspNetRoles" (
    "Id" text NOT NULL,
    "Name" character varying(256),
    "NormalizedName" character varying(256),
    "ConcurrencyStamp" text
);


ALTER TABLE public."AspNetRoles" OWNER TO innhotel_user;

--
-- TOC entry 240 (class 1259 OID 16945)
-- Name: AspNetUserClaims; Type: TABLE; Schema: public; Owner: innhotel_user
--

CREATE TABLE public."AspNetUserClaims" (
    "Id" integer NOT NULL,
    "UserId" text NOT NULL,
    "ClaimType" text,
    "ClaimValue" text
);


ALTER TABLE public."AspNetUserClaims" OWNER TO innhotel_user;

--
-- TOC entry 239 (class 1259 OID 16944)
-- Name: AspNetUserClaims_Id_seq; Type: SEQUENCE; Schema: public; Owner: innhotel_user
--

ALTER TABLE public."AspNetUserClaims" ALTER COLUMN "Id" ADD GENERATED BY DEFAULT AS IDENTITY (
    SEQUENCE NAME public."AspNetUserClaims_Id_seq"
    START WITH 1
    INCREMENT BY 1
    NO MINVALUE
    NO MAXVALUE
    CACHE 1
);


--
-- TOC entry 241 (class 1259 OID 16957)
-- Name: AspNetUserLogins; Type: TABLE; Schema: public; Owner: innhotel_user
--

CREATE TABLE public."AspNetUserLogins" (
    "LoginProvider" text NOT NULL,
    "ProviderKey" text NOT NULL,
    "ProviderDisplayName" text,
    "UserId" text NOT NULL
);


ALTER TABLE public."AspNetUserLogins" OWNER TO innhotel_user;

--
-- TOC entry 242 (class 1259 OID 16969)
-- Name: AspNetUserRoles; Type: TABLE; Schema: public; Owner: innhotel_user
--

CREATE TABLE public."AspNetUserRoles" (
    "UserId" text NOT NULL,
    "RoleId" text NOT NULL
);


ALTER TABLE public."AspNetUserRoles" OWNER TO innhotel_user;

--
-- TOC entry 243 (class 1259 OID 16986)
-- Name: AspNetUserTokens; Type: TABLE; Schema: public; Owner: innhotel_user
--

CREATE TABLE public."AspNetUserTokens" (
    "UserId" text NOT NULL,
    "LoginProvider" text NOT NULL,
    "Name" text NOT NULL,
    "Value" text
);


ALTER TABLE public."AspNetUserTokens" OWNER TO innhotel_user;

--
-- TOC entry 236 (class 1259 OID 16924)
-- Name: AspNetUsers; Type: TABLE; Schema: public; Owner: innhotel_user
--

CREATE TABLE public."AspNetUsers" (
    "Id" text NOT NULL,
    "UserName" character varying(256),
    "NormalizedUserName" character varying(256),
    "Email" character varying(256),
    "NormalizedEmail" character varying(256),
    "EmailConfirmed" boolean NOT NULL,
    "PasswordHash" text,
    "SecurityStamp" text,
    "ConcurrencyStamp" text,
    "PhoneNumber" text,
    "PhoneNumberConfirmed" boolean NOT NULL,
    "TwoFactorEnabled" boolean NOT NULL,
    "LockoutEnd" timestamp with time zone,
    "LockoutEnabled" boolean NOT NULL,
    "AccessFailedCount" integer NOT NULL
);


ALTER TABLE public."AspNetUsers" OWNER TO innhotel_user;

--
-- TOC entry 247 (class 1259 OID 17040)
-- Name: Notifications; Type: TABLE; Schema: public; Owner: innhotel_user
--

CREATE TABLE public."Notifications" (
    "Id" integer NOT NULL,
    "UserId" integer NOT NULL,
    "Title" character varying(255) NOT NULL,
    "Message" text NOT NULL,
    "Type" integer NOT NULL,
    "Channel" integer NOT NULL,
    "Status" integer NOT NULL,
    "CreatedAt" timestamp with time zone NOT NULL,
    "SentAt" timestamp with time zone,
    "ReadAt" timestamp with time zone,
    "RelatedEntityType" character varying(100),
    "RelatedEntityId" integer,
    "DeliveryId" character varying(255),
    "ErrorMessage" text,
    "RetryCount" integer DEFAULT 0 NOT NULL
);


ALTER TABLE public."Notifications" OWNER TO innhotel_user;

--
-- TOC entry 246 (class 1259 OID 17039)
-- Name: Notifications_Id_seq; Type: SEQUENCE; Schema: public; Owner: innhotel_user
--

ALTER TABLE public."Notifications" ALTER COLUMN "Id" ADD GENERATED BY DEFAULT AS IDENTITY (
    SEQUENCE NAME public."Notifications_Id_seq"
    START WITH 1
    INCREMENT BY 1
    NO MINVALUE
    NO MAXVALUE
    CACHE 1
);


--
-- TOC entry 249 (class 1259 OID 17049)
-- Name: Payments; Type: TABLE; Schema: public; Owner: innhotel_user
--

CREATE TABLE public."Payments" (
    "Id" integer NOT NULL,
    "ReservationId" integer NOT NULL,
    "Amount" numeric(18,2) NOT NULL,
    "Method" integer NOT NULL,
    "Status" integer NOT NULL,
    "PaymentDate" timestamp with time zone NOT NULL,
    "ProcessedDate" timestamp with time zone,
    "TransactionId" character varying(255),
    "PaymentProvider" character varying(100),
    "PaymentProviderResponse" text,
    "IsRefunded" boolean DEFAULT false NOT NULL,
    "RefundedAmount" numeric(18,2) DEFAULT 0.0 NOT NULL,
    "RefundDate" timestamp with time zone,
    "RefundReason" text,
    "Description" text,
    "Notes" text,
    "ProcessedByUserId" integer NOT NULL
);


ALTER TABLE public."Payments" OWNER TO innhotel_user;

--
-- TOC entry 248 (class 1259 OID 17048)
-- Name: Payments_Id_seq; Type: SEQUENCE; Schema: public; Owner: innhotel_user
--

ALTER TABLE public."Payments" ALTER COLUMN "Id" ADD GENERATED BY DEFAULT AS IDENTITY (
    SEQUENCE NAME public."Payments_Id_seq"
    START WITH 1
    INCREMENT BY 1
    NO MINVALUE
    NO MAXVALUE
    CACHE 1
);


--
-- TOC entry 245 (class 1259 OID 16999)
-- Name: RefreshTokens; Type: TABLE; Schema: public; Owner: innhotel_user
--

CREATE TABLE public."RefreshTokens" (
    "Id" integer NOT NULL,
    "Token" character varying(1024) NOT NULL,
    "UserId" text NOT NULL,
    "Revoked" boolean NOT NULL,
    "RevokedAt" timestamp with time zone,
    "CreatedAt" timestamp with time zone NOT NULL,
    "ExpiresAt" timestamp with time zone NOT NULL,
    "DeviceInfo" text,
    "IpAddress" text
);


ALTER TABLE public."RefreshTokens" OWNER TO innhotel_user;

--
-- TOC entry 244 (class 1259 OID 16998)
-- Name: RefreshTokens_Id_seq; Type: SEQUENCE; Schema: public; Owner: innhotel_user
--

ALTER TABLE public."RefreshTokens" ALTER COLUMN "Id" ADD GENERATED BY DEFAULT AS IDENTITY (
    SEQUENCE NAME public."RefreshTokens_Id_seq"
    START WITH 1
    INCREMENT BY 1
    NO MINVALUE
    NO MAXVALUE
    CACHE 1
);


--
-- TOC entry 224 (class 1259 OID 16796)
-- Name: RoomTypes; Type: TABLE; Schema: public; Owner: innhotel_user
--

CREATE TABLE public."RoomTypes" (
    "Id" integer NOT NULL,
    branch_id integer NOT NULL,
    name character varying(50) NOT NULL,
    capacity integer NOT NULL,
    description text,
    CONSTRAINT "CK_room_types_capacity" CHECK ((capacity > 0))
);


ALTER TABLE public."RoomTypes" OWNER TO innhotel_user;

--
-- TOC entry 223 (class 1259 OID 16795)
-- Name: RoomTypes_Id_seq; Type: SEQUENCE; Schema: public; Owner: innhotel_user
--

ALTER TABLE public."RoomTypes" ALTER COLUMN "Id" ADD GENERATED BY DEFAULT AS IDENTITY (
    SEQUENCE NAME public."RoomTypes_Id_seq"
    START WITH 1
    INCREMENT BY 1
    NO MINVALUE
    NO MAXVALUE
    CACHE 1
);


--
-- TOC entry 215 (class 1259 OID 16405)
-- Name: __EFMigrationsHistory; Type: TABLE; Schema: public; Owner: innhotel_user
--

CREATE TABLE public."__EFMigrationsHistory" (
    "MigrationId" character varying(150) NOT NULL,
    "ProductVersion" character varying(32) NOT NULL
);


ALTER TABLE public."__EFMigrationsHistory" OWNER TO innhotel_user;

--
-- TOC entry 217 (class 1259 OID 16757)
-- Name: branches; Type: TABLE; Schema: public; Owner: innhotel_user
--

CREATE TABLE public.branches (
    "Id" integer NOT NULL,
    name character varying(100) NOT NULL,
    location character varying(200) NOT NULL
);


ALTER TABLE public.branches OWNER TO innhotel_user;

--
-- TOC entry 216 (class 1259 OID 16756)
-- Name: branches_Id_seq; Type: SEQUENCE; Schema: public; Owner: innhotel_user
--

ALTER TABLE public.branches ALTER COLUMN "Id" ADD GENERATED BY DEFAULT AS IDENTITY (
    SEQUENCE NAME public."branches_Id_seq"
    START WITH 1
    INCREMENT BY 1
    NO MINVALUE
    NO MAXVALUE
    CACHE 1
);


--
-- TOC entry 222 (class 1259 OID 16784)
-- Name: employees; Type: TABLE; Schema: public; Owner: innhotel_user
--

CREATE TABLE public.employees (
    "Id" integer NOT NULL,
    branch_id integer NOT NULL,
    first_name character varying(50) NOT NULL,
    last_name character varying(50) NOT NULL,
    hire_date date NOT NULL,
    "position" character varying(50) NOT NULL,
    "UserId" text,
    "Email" text,
    "Phone" text,
    CONSTRAINT "CK_employees_hiredate" CHECK ((hire_date <= CURRENT_DATE))
);


ALTER TABLE public.employees OWNER TO innhotel_user;

--
-- TOC entry 221 (class 1259 OID 16783)
-- Name: employees_Id_seq; Type: SEQUENCE; Schema: public; Owner: innhotel_user
--

ALTER TABLE public.employees ALTER COLUMN "Id" ADD GENERATED BY DEFAULT AS IDENTITY (
    SEQUENCE NAME public."employees_Id_seq"
    START WITH 1
    INCREMENT BY 1
    NO MINVALUE
    NO MAXVALUE
    CACHE 1
);


--
-- TOC entry 219 (class 1259 OID 16763)
-- Name: guests; Type: TABLE; Schema: public; Owner: innhotel_user
--

CREATE TABLE public.guests (
    "Id" integer NOT NULL,
    first_name character varying(50) NOT NULL,
    last_name character varying(50) NOT NULL,
    id_proof_type text NOT NULL,
    id_proof_number character varying(50) NOT NULL,
    email character varying(100),
    phone character varying(20),
    address character varying(250),
    gender text DEFAULT 'Male'::text NOT NULL
);


ALTER TABLE public.guests OWNER TO innhotel_user;

--
-- TOC entry 218 (class 1259 OID 16762)
-- Name: guests_Id_seq; Type: SEQUENCE; Schema: public; Owner: innhotel_user
--

ALTER TABLE public.guests ALTER COLUMN "Id" ADD GENERATED BY DEFAULT AS IDENTITY (
    SEQUENCE NAME public."guests_Id_seq"
    START WITH 1
    INCREMENT BY 1
    NO MINVALUE
    NO MAXVALUE
    CACHE 1
);


--
-- TOC entry 234 (class 1259 OID 16886)
-- Name: reservation_rooms; Type: TABLE; Schema: public; Owner: innhotel_user
--

CREATE TABLE public.reservation_rooms (
    "Id" integer NOT NULL,
    reservation_id integer NOT NULL,
    room_id integer NOT NULL,
    price_per_night numeric(10,2) NOT NULL,
    CONSTRAINT "CK_res_rooms_price" CHECK ((price_per_night > (0)::numeric))
);


ALTER TABLE public.reservation_rooms OWNER TO innhotel_user;

--
-- TOC entry 233 (class 1259 OID 16885)
-- Name: reservation_rooms_Id_seq; Type: SEQUENCE; Schema: public; Owner: innhotel_user
--

ALTER TABLE public.reservation_rooms ALTER COLUMN "Id" ADD GENERATED BY DEFAULT AS IDENTITY (
    SEQUENCE NAME public."reservation_rooms_Id_seq"
    START WITH 1
    INCREMENT BY 1
    NO MINVALUE
    NO MAXVALUE
    CACHE 1
);


--
-- TOC entry 232 (class 1259 OID 16868)
-- Name: reservation_services; Type: TABLE; Schema: public; Owner: innhotel_user
--

CREATE TABLE public.reservation_services (
    "Id" integer NOT NULL,
    reservation_id integer NOT NULL,
    service_id integer NOT NULL,
    quantity integer NOT NULL,
    total_price numeric(10,2) NOT NULL,
    "UnitPrice" numeric DEFAULT 0.0 NOT NULL,
    CONSTRAINT "CK_res_services_quantity" CHECK ((quantity > 0)),
    CONSTRAINT "CK_res_services_totalprice" CHECK ((total_price >= (0)::numeric))
);


ALTER TABLE public.reservation_services OWNER TO innhotel_user;

--
-- TOC entry 231 (class 1259 OID 16867)
-- Name: reservation_services_Id_seq; Type: SEQUENCE; Schema: public; Owner: innhotel_user
--

ALTER TABLE public.reservation_services ALTER COLUMN "Id" ADD GENERATED BY DEFAULT AS IDENTITY (
    SEQUENCE NAME public."reservation_services_Id_seq"
    START WITH 1
    INCREMENT BY 1
    NO MINVALUE
    NO MAXVALUE
    CACHE 1
);


--
-- TOC entry 228 (class 1259 OID 16825)
-- Name: reservations; Type: TABLE; Schema: public; Owner: innhotel_user
--

CREATE TABLE public.reservations (
    "Id" integer NOT NULL,
    guest_id integer NOT NULL,
    check_in_date date NOT NULL,
    check_out_date date NOT NULL,
    reservation_date timestamp with time zone DEFAULT now() NOT NULL,
    status character varying(20) NOT NULL,
    total_cost numeric(10,2) NOT NULL,
    CONSTRAINT "CK_reservations_dates" CHECK ((check_out_date > check_in_date)),
    CONSTRAINT "CK_reservations_status" CHECK (((status)::text = ANY ((ARRAY['Pending'::character varying, 'Confirmed'::character varying, 'Checked In'::character varying, 'Checked Out'::character varying, 'Cancelled'::character varying])::text[]))),
    CONSTRAINT "CK_reservations_totalcost" CHECK ((total_cost >= (0)::numeric))
);


ALTER TABLE public.reservations OWNER TO innhotel_user;

--
-- TOC entry 227 (class 1259 OID 16824)
-- Name: reservations_Id_seq; Type: SEQUENCE; Schema: public; Owner: innhotel_user
--

ALTER TABLE public.reservations ALTER COLUMN "Id" ADD GENERATED BY DEFAULT AS IDENTITY (
    SEQUENCE NAME public."reservations_Id_seq"
    START WITH 1
    INCREMENT BY 1
    NO MINVALUE
    NO MAXVALUE
    CACHE 1
);


--
-- TOC entry 220 (class 1259 OID 16778)
-- Name: room_services; Type: TABLE; Schema: public; Owner: innhotel_user
--

CREATE TABLE public.room_services (
    "RoomId" integer NOT NULL,
    "ServiceId" integer NOT NULL,
    "Id" integer NOT NULL
);


ALTER TABLE public.room_services OWNER TO innhotel_user;

--
-- TOC entry 230 (class 1259 OID 16850)
-- Name: rooms; Type: TABLE; Schema: public; Owner: innhotel_user
--

CREATE TABLE public.rooms (
    "Id" integer NOT NULL,
    branch_id integer NOT NULL,
    room_type_id integer NOT NULL,
    room_number character varying(20) NOT NULL,
    status character varying(20) NOT NULL,
    floor integer NOT NULL,
    manual_price numeric(10,2) DEFAULT 100.00 NOT NULL,
    CONSTRAINT "CK_rooms_floor" CHECK ((floor >= 0)),
    CONSTRAINT "CK_rooms_manual_price" CHECK ((manual_price > (0)::numeric)),
    CONSTRAINT "CK_rooms_status" CHECK (((status)::text = ANY ((ARRAY['Available'::character varying, 'Occupied'::character varying, 'UnderMaintenance'::character varying])::text[])))
);


ALTER TABLE public.rooms OWNER TO innhotel_user;

--
-- TOC entry 229 (class 1259 OID 16849)
-- Name: rooms_Id_seq; Type: SEQUENCE; Schema: public; Owner: innhotel_user
--

ALTER TABLE public.rooms ALTER COLUMN "Id" ADD GENERATED BY DEFAULT AS IDENTITY (
    SEQUENCE NAME public."rooms_Id_seq"
    START WITH 1
    INCREMENT BY 1
    NO MINVALUE
    NO MAXVALUE
    CACHE 1
);


--
-- TOC entry 226 (class 1259 OID 16811)
-- Name: services; Type: TABLE; Schema: public; Owner: innhotel_user
--

CREATE TABLE public.services (
    "Id" integer NOT NULL,
    branch_id integer NOT NULL,
    name character varying(100) NOT NULL,
    price numeric(10,2) NOT NULL,
    description text,
    CONSTRAINT "CK_services_price" CHECK ((price >= (0)::numeric))
);


ALTER TABLE public.services OWNER TO innhotel_user;

--
-- TOC entry 225 (class 1259 OID 16810)
-- Name: services_Id_seq; Type: SEQUENCE; Schema: public; Owner: innhotel_user
--

ALTER TABLE public.services ALTER COLUMN "Id" ADD GENERATED BY DEFAULT AS IDENTITY (
    SEQUENCE NAME public."services_Id_seq"
    START WITH 1
    INCREMENT BY 1
    NO MINVALUE
    NO MAXVALUE
    CACHE 1
);


--
-- TOC entry 5058 (class 0 OID 16932)
-- Dependencies: 238
-- Data for Name: AspNetRoleClaims; Type: TABLE DATA; Schema: public; Owner: innhotel_user
--

COPY public."AspNetRoleClaims" ("Id", "RoleId", "ClaimType", "ClaimValue") FROM stdin;
\.


--
-- TOC entry 5055 (class 0 OID 16917)
-- Dependencies: 235
-- Data for Name: AspNetRoles; Type: TABLE DATA; Schema: public; Owner: innhotel_user
--

COPY public."AspNetRoles" ("Id", "Name", "NormalizedName", "ConcurrencyStamp") FROM stdin;
4aaed9a9-f024-41f1-849f-a649dc912c8f	SuperAdmin	SUPERADMIN	\N
3541e80e-d4b7-4f7e-9378-d1659ad5a4e4	Admin	ADMIN	\N
bcc215e4-1bb4-499f-8cf0-3d31f2509483	Receptionist	RECEPTIONIST	\N
54882d30-0aee-4782-b1b8-605c3a88ae48	Housekeeping	HOUSEKEEPING	\N
\.


--
-- TOC entry 5060 (class 0 OID 16945)
-- Dependencies: 240
-- Data for Name: AspNetUserClaims; Type: TABLE DATA; Schema: public; Owner: innhotel_user
--

COPY public."AspNetUserClaims" ("Id", "UserId", "ClaimType", "ClaimValue") FROM stdin;
\.


--
-- TOC entry 5061 (class 0 OID 16957)
-- Dependencies: 241
-- Data for Name: AspNetUserLogins; Type: TABLE DATA; Schema: public; Owner: innhotel_user
--

COPY public."AspNetUserLogins" ("LoginProvider", "ProviderKey", "ProviderDisplayName", "UserId") FROM stdin;
\.


--
-- TOC entry 5062 (class 0 OID 16969)
-- Dependencies: 242
-- Data for Name: AspNetUserRoles; Type: TABLE DATA; Schema: public; Owner: innhotel_user
--

COPY public."AspNetUserRoles" ("UserId", "RoleId") FROM stdin;
5adc5a27-034f-4e5c-9b7f-ea51e1855d4a	4aaed9a9-f024-41f1-849f-a649dc912c8f
5adc5a27-034f-4e5c-9b7f-ea51e1855d4a	3541e80e-d4b7-4f7e-9378-d1659ad5a4e4
d6d257f1-1b82-4875-94d8-1253d9245629	3541e80e-d4b7-4f7e-9378-d1659ad5a4e4
\.


--
-- TOC entry 5063 (class 0 OID 16986)
-- Dependencies: 243
-- Data for Name: AspNetUserTokens; Type: TABLE DATA; Schema: public; Owner: innhotel_user
--

COPY public."AspNetUserTokens" ("UserId", "LoginProvider", "Name", "Value") FROM stdin;
\.


--
-- TOC entry 5056 (class 0 OID 16924)
-- Dependencies: 236
-- Data for Name: AspNetUsers; Type: TABLE DATA; Schema: public; Owner: innhotel_user
--

COPY public."AspNetUsers" ("Id", "UserName", "NormalizedUserName", "Email", "NormalizedEmail", "EmailConfirmed", "PasswordHash", "SecurityStamp", "ConcurrencyStamp", "PhoneNumber", "PhoneNumberConfirmed", "TwoFactorEnabled", "LockoutEnd", "LockoutEnabled", "AccessFailedCount") FROM stdin;
5adc5a27-034f-4e5c-9b7f-ea51e1855d4a	super@innhotel.com	SUPER@INNHOTEL.COM	super@innhotel.com	SUPER@INNHOTEL.COM	t	AQAAAAIAAYagAAAAEBttIpQKPqAt2qSLajtFSIX64hQ5Di3csvj62B5hO6A6sp0NH3tkkt98fjceVMbNtg==	27R4QCGR4U3NJIGEOV2ZIL54DRSVUT5A	e9494a55-c140-4449-bb4b-fd5a81c721b5	\N	f	f	\N	t	0
d6d257f1-1b82-4875-94d8-1253d9245629	admin@innhotel.com	ADMIN@INNHOTEL.COM	admin@innhotel.com	ADMIN@INNHOTEL.COM	t	AQAAAAIAAYagAAAAEHP0IWuMjknkpDmFmzfu0G+jwWVn8mdOdKWlsKNNf0UdWtsLrvSiLr5s/dWjwDfqNQ==	BSDGJRVIEUNTYGXE3VUGCBNS4RILOO66	23310064-2480-4537-9707-9653f0408b8a	\N	f	f	\N	t	0
t.anderson	t.anderson	T.ANDERSON	t.anderson@grandplaza.com	T.ANDERSON@GRANDPLAZA.COM	t	\N	72fabbcbde74e32c1987be1dc65b739f	e537fc248cf5c6521526ea92ce5c5077	+1-555-1001	t	f	\N	f	0
j.white	j.white	J.WHITE	j.white@grandplaza.com	J.WHITE@GRANDPLAZA.COM	t	\N	657e92e9853bde07e701b39b4d1f0ce3	e9920abca4a9120e0aeb6607faee759e	+1-555-1002	t	f	\N	f	0
r.taylor	r.taylor	R.TAYLOR	r.taylor@grandplaza.com	R.TAYLOR@GRANDPLAZA.COM	t	\N	f90d2db2fc44c9d39df148ea5494daa5	d887da04b1d2e86a447dfd493e39012b	+1-555-1003	t	f	\N	f	0
p.martin	p.martin	P.MARTIN	p.martin@grandplaza.com	P.MARTIN@GRANDPLAZA.COM	t	\N	d68791e2e4225e8507bebfd8d9f91db6	ddb8d6070a7559326545ac901afa60cf	+1-555-1004	t	f	\N	f	0
d.thompson	d.thompson	D.THOMPSON	d.thompson@airportinn.com	D.THOMPSON@AIRPORTINN.COM	t	\N	0e7afb7d55100cfdc4d4ca416b676d67	9e814150fe9938c9098e0526176fd226	+1-555-2001	t	f	\N	f	0
n.garcia	n.garcia	N.GARCIA	n.garcia@airportinn.com	N.GARCIA@AIRPORTINN.COM	t	\N	c064dfe0eec4f1004f2feba07efa7968	9f3ae7aefb7fdc820ebcd7c70111ea5c	+1-555-2002	t	f	\N	f	0
m.martinez	m.martinez	M.MARTINEZ	m.martinez@seasideresort.com	M.MARTINEZ@SEASIDERESORT.COM	t	\N	01acd5080e74426ee0d6953dff82c598	c5cb79c4d773fb7b9caea06d36be5148	+1-555-3001	t	f	\N	f	0
l.robinson	l.robinson	L.ROBINSON	l.robinson@seasideresort.com	L.ROBINSON@SEASIDERESORT.COM	t	\N	4ca44c6507a6ae2a97e99cd2e0c09b48	3b2d8b4d2937ad3229410c43638464ac	+1-555-3002	t	f	\N	f	0
k.clark	k.clark	K.CLARK	k.clark@mountainlodge.com	K.CLARK@MOUNTAINLODGE.COM	t	\N	0c65edc4d56227f272b3013e6e0a3670	edabcef2225d24dd6763df1454c5854c	+1-555-4001	t	f	\N	f	0
b.rodriguez	b.rodriguez	B.RODRIGUEZ	b.rodriguez@mountainlodge.com	B.RODRIGUEZ@MOUNTAINLODGE.COM	t	\N	42543dfbdc82f6d2cf6ed754edf48601	ca549b5f182a6bded1f182415aaa8006	+1-555-4002	t	f	\N	f	0
s.lewis	s.lewis	S.LEWIS	s.lewis@businesscentral.com	S.LEWIS@BUSINESSCENTRAL.COM	t	\N	e3510677416f9f6c540f71d11afae167	04fadab55eef376fb2a20a8d032adfa8	+1-555-5001	t	f	\N	f	0
m.walker	m.walker	M.WALKER	m.walker@businesscentral.com	M.WALKER@BUSINESSCENTRAL.COM	t	\N	8963523ff7df901dd7be6c3537135209	6be1bd4accd2b7270f6c5251b92f156d	+1-555-5002	t	f	\N	f	0
\.


--
-- TOC entry 5067 (class 0 OID 17040)
-- Dependencies: 247
-- Data for Name: Notifications; Type: TABLE DATA; Schema: public; Owner: innhotel_user
--

COPY public."Notifications" ("Id", "UserId", "Title", "Message", "Type", "Channel", "Status", "CreatedAt", "SentAt", "ReadAt", "RelatedEntityType", "RelatedEntityId", "DeliveryId", "ErrorMessage", "RetryCount") FROM stdin;
\.


--
-- TOC entry 5069 (class 0 OID 17049)
-- Dependencies: 249
-- Data for Name: Payments; Type: TABLE DATA; Schema: public; Owner: innhotel_user
--

COPY public."Payments" ("Id", "ReservationId", "Amount", "Method", "Status", "PaymentDate", "ProcessedDate", "TransactionId", "PaymentProvider", "PaymentProviderResponse", "IsRefunded", "RefundedAmount", "RefundDate", "RefundReason", "Description", "Notes", "ProcessedByUserId") FROM stdin;
\.


--
-- TOC entry 5065 (class 0 OID 16999)
-- Dependencies: 245
-- Data for Name: RefreshTokens; Type: TABLE DATA; Schema: public; Owner: innhotel_user
--

COPY public."RefreshTokens" ("Id", "Token", "UserId", "Revoked", "RevokedAt", "CreatedAt", "ExpiresAt", "DeviceInfo", "IpAddress") FROM stdin;
1	f9rx8ehgLdO7R+UrAcNZ2SD/BdbqQ8Nj8AgXJJAi2vn91cX5mcDKx13Zaa+fDUz5KPokSIRLwGHGB08iP2zRgg==	5adc5a27-034f-4e5c-9b7f-ea51e1855d4a	f	\N	2025-10-30 01:11:46.539469+03	2025-10-30 01:18:46.539169+03	\N	\N
2	HJRNZEuwXdmas0WCFxyX7cByc6WMniLCuMrXHkDvfoA8r1XZ2HQ5EhdPkxOG04MlmOV/bkpNMlecWDH8zaTslw==	5adc5a27-034f-4e5c-9b7f-ea51e1855d4a	f	\N	2025-10-30 01:55:42.619333+03	2025-10-30 02:02:42.619317+03	\N	\N
3	AxNj+V+UGXYD0iueeBHLPpys5A5jH63r4CfIGRQzPD8K1EsFGjzNmIBbkuKZt57uLB/hWrY91LEjAzL79aP9Vg==	5adc5a27-034f-4e5c-9b7f-ea51e1855d4a	f	\N	2025-10-30 02:15:02.923574+03	2025-10-30 02:22:02.923557+03	\N	\N
4	/T9AKDpKfYilMkkjg59TYL5aKCIxVmwe9ueDqtj8FyoBBVo48uK+7XaibOz6T7VM3r0ZVUa30D2W3CxauPqicQ==	5adc5a27-034f-4e5c-9b7f-ea51e1855d4a	f	\N	2025-10-30 02:57:43.014152+03	2025-10-30 03:04:43.014134+03	\N	\N
5	fN29shCc08tYt90dg1Tr3lD1L7V4j/ZG6IZhJ1cBY8MQlneOJBcpreYjMj+VEcn5TiWLD3EVl004Rh5sTc/sBA==	5adc5a27-034f-4e5c-9b7f-ea51e1855d4a	f	\N	2025-10-31 01:23:05.450645+03	2025-10-31 01:30:05.450628+03	\N	\N
6	kRw7FpanULCwRx7ZKMi93xZqihIUJjEy6obEyI7w6wn0OG3+BQFhSajCYlkb7UX29ALh1v/ySLxkn6lzcb6pIQ==	5adc5a27-034f-4e5c-9b7f-ea51e1855d4a	f	\N	2025-10-31 02:10:31.382749+03	2025-10-31 02:17:31.382733+03	\N	\N
7	l6ZqgtBoNDCMBdMUCgcIS1i0JWDOOQC6iszfYUbE8lva7Wp3pJk5sFs1UBXVcKd7MuM2KMRbKpDAPbMB+iQHZg==	5adc5a27-034f-4e5c-9b7f-ea51e1855d4a	f	\N	2025-10-31 02:36:15.249742+03	2025-10-31 02:43:15.249726+03	\N	\N
8	8HEkhqmDr3GTPmpL/V/aZTtUDK+q9PlLKIYhIdvjiq60cSyrpq4KKCE1nlPyRZubOzy7yn0EWqW/SuyP7nMBlA==	5adc5a27-034f-4e5c-9b7f-ea51e1855d4a	f	\N	2025-10-31 02:45:21.162147+03	2025-10-31 02:52:21.16213+03	\N	\N
9	d7kmyilL3TTRIdLWB5E9EKR3Aoynr0ttpeQgnza1bmnbPgteI3RoLuVLuoi8UlLRhkWYDtkCmTTG2tQoPVSAtg==	5adc5a27-034f-4e5c-9b7f-ea51e1855d4a	f	\N	2025-11-01 23:44:05.842196+03	2025-11-01 23:51:05.84218+03	\N	\N
10	1yOfwYe5MVCdoJgEr9I+acUfnrU4xfsCHTZE2Rv5WmkRur5tzHV2TCclhDys77hJ3dDmKqAQ/hz5cD8Ul/eNug==	5adc5a27-034f-4e5c-9b7f-ea51e1855d4a	f	\N	2025-11-03 02:32:05.532862+03	2025-11-03 02:39:05.532843+03	\N	\N
11	CzenyALx2vK58W/pgPDxBa6SnSHMvEhwh5/d4Mlu+tYikjIvpSxWNMg/FS/nrtSteYz37EdC9s4NiMmK2UKOBw==	5adc5a27-034f-4e5c-9b7f-ea51e1855d4a	t	2025-11-03 03:18:56.388127+03	2025-11-03 03:12:53.90368+03	2025-11-03 03:19:53.903664+03	\N	\N
12	7h8zAipznh7TkEuzU8IW69iHzYMbTHmP4hhPDyz2aU77I10Sb9rZ7cB1DIbeH0s4jnilybpAv5PR9F5a/o+b/g==	5adc5a27-034f-4e5c-9b7f-ea51e1855d4a	t	2025-11-03 03:25:31.319876+03	2025-11-03 03:18:56.656703+03	2025-11-10 03:18:56.656618+03	\N	::1
13	fmYRs76TPVaQRujmo9wa7QjVYM9YCSBrgsdBFvYEiJvY81EMOagEJpZeR4dwZQuAY7FM+TsZOkfXk0n1lJMlvw==	5adc5a27-034f-4e5c-9b7f-ea51e1855d4a	t	2025-11-03 03:34:56.975146+03	2025-11-03 03:25:31.457661+03	2025-11-10 03:25:31.45755+03	\N	::1
14	XgiZNO+9/FCWRLP4BdoqYsaFDc8SL9ozbpg1p4HiqwH3OjceM1VjB+0OnAiwYSI1Na7IhHZL9oUWjYaAjOHlRg==	5adc5a27-034f-4e5c-9b7f-ea51e1855d4a	t	2025-11-03 04:06:18.929428+03	2025-11-03 03:34:57.103264+03	2025-11-10 03:34:57.1032+03	\N	::1
15	9O0fLwsFYXl5N2LorMZrbrZsOfVS3NKHZyOX7ka/l6+PKcs6dE4M+IHVicmf0GaN9Sg5SKsSzgKK9ARvJL1DLg==	5adc5a27-034f-4e5c-9b7f-ea51e1855d4a	t	2025-11-03 04:46:21.554658+03	2025-11-03 04:06:19.039257+03	2025-11-10 04:06:19.03919+03	\N	::1
16	aEd2Pnpt71kOX0+nlW1YoAu9v2QW6qTRSy/kGGeSYIevhvtoLxa91/WL/X8Ua4FGaQ96UVYLv3WGxblZg60tZQ==	5adc5a27-034f-4e5c-9b7f-ea51e1855d4a	t	2025-11-03 23:54:50.242585+03	2025-11-03 04:46:21.681749+03	2025-11-10 04:46:21.681686+03	\N	::1
17	54LmIMz0vBFtNpj2Sd1wHQKvVh6IoPtrDnUYuf4ipNq9mo3RQVsPs1Ys1Fvf217NtzuGdpghXWYyjKFa6i8fRw==	5adc5a27-034f-4e5c-9b7f-ea51e1855d4a	t	2025-11-04 00:12:45.603557+03	2025-11-03 23:54:50.35269+03	2025-11-10 23:54:50.352626+03	\N	::1
18	ByY6Evk/Gjj0ZBiRZAglLgQFU/1t+6zlas81gGUGHF+2cfxy2gv1soLq7sC+i4aNA4V6czK7qRB5mZ2zXz2lhA==	5adc5a27-034f-4e5c-9b7f-ea51e1855d4a	t	2025-11-04 00:16:45.075422+03	2025-11-04 00:12:45.705036+03	2025-11-11 00:12:45.704972+03	\N	::1
19	WAtiVj34Iq0svEWcVzymnD4rR8Loyc5C1Y9axnyuyJtTYteeU0HbuIz9JtxpM/fiDt0LnhVgOYyWAaCwxE6uEg==	5adc5a27-034f-4e5c-9b7f-ea51e1855d4a	t	2025-11-04 00:18:32.445135+03	2025-11-04 00:16:45.084912+03	2025-11-11 00:16:45.084893+03	\N	::1
20	I0uIPNHb+DCj9ixwxQRLOCyCkC7tW989F87GYeLt9Y8EjsZl+c5akPXCDCAMilR601SxyiaElbhlZc9BFJeUSw==	5adc5a27-034f-4e5c-9b7f-ea51e1855d4a	t	2025-11-04 00:19:17.827015+03	2025-11-04 00:18:32.451911+03	2025-11-11 00:18:32.451896+03	\N	::1
21	iNLnqPUcQQ9zvWpzcRJ+FB4srq9Xks9RpULx9Rm7CgvSpi9qj8AmnhIyjxP/53vVFLC22qsrlFvEwJLxvPoK+Q==	5adc5a27-034f-4e5c-9b7f-ea51e1855d4a	t	2025-11-04 00:25:16.600432+03	2025-11-04 00:19:17.83492+03	2025-11-11 00:19:17.834892+03	\N	::1
22	mESIaLBEG+EAXegEgs9HImNTrdaO3ItlZzzp8rAk9KQAZV7+YNlEsq2IRa7Ysy0onF2j6ZJU6aCVt2Ew8E/dNg==	5adc5a27-034f-4e5c-9b7f-ea51e1855d4a	t	2025-11-04 00:42:22.570829+03	2025-11-04 00:25:16.604761+03	2025-11-11 00:25:16.604747+03	\N	::1
23	Tfnl5dQQYTZ5/2U249hfehqe/Ra8QhGgE3jdK7Mr7lA4lII/iVUZklN1yHf7dZBmLir9DDII936Hgrv14eeddg==	5adc5a27-034f-4e5c-9b7f-ea51e1855d4a	t	2025-11-04 01:02:49.268865+03	2025-11-04 00:42:22.577781+03	2025-11-11 00:42:22.57777+03	\N	::1
24	WiLi0RMyvHws57b5YDPX50JshPo1/80a0C6Jx3BgYqHnc6cWdlTh+S3CZHF/+oSfUa/kXwX3gUuSbppITb1VwQ==	5adc5a27-034f-4e5c-9b7f-ea51e1855d4a	f	\N	2025-11-04 01:02:49.276456+03	2025-11-11 01:02:49.276445+03	\N	::1
25	CJHSwv6AUFYJKAmaCGi8sg+/sIsmuCTp3grQVXcNczt/nIATdIDnzpPGejBtebSvQDRq/kIwUVP1H7vdPKhJtw==	5adc5a27-034f-4e5c-9b7f-ea51e1855d4a	f	\N	2025-11-04 01:04:49.629538+03	2025-11-04 01:11:49.629528+03	\N	\N
\.


--
-- TOC entry 5044 (class 0 OID 16796)
-- Dependencies: 224
-- Data for Name: RoomTypes; Type: TABLE DATA; Schema: public; Owner: innhotel_user
--

COPY public."RoomTypes" ("Id", branch_id, name, capacity, description) FROM stdin;
1	1	Standard Room	2	Comfortable room with queen bed, work desk, and city view
2	1	Deluxe Room	2	Spacious room with king bed, sitting area, and premium amenities
3	1	Executive Suite	4	Luxury suite with separate living area, kitchenette, and panoramic city views
4	1	Presidential Suite	6	Ultimate luxury suite with full kitchen, dining area, and butler service
5	2	Standard Room	2	Efficient room with double bed perfect for transit passengers
6	2	Family Room	4	Connecting rooms ideal for families with children
7	2	Business Suite	2	Room with workspace and high-speed internet for business travelers
8	3	Garden View Room	2	Room overlooking tropical gardens with private balcony
9	3	Ocean View Room	2	Room with stunning ocean views and beach access
10	3	Beach Villa	6	Private villa with direct beach access and personal pool
11	4	Cozy Room	2	Warm room with fireplace and mountain views
12	4	Luxury Cabin	4	Spacious cabin with full kitchen and ski-in/ski-out access
13	5	Corporate Room	1	Single room optimized for business travelers
14	5	Executive Floor Room	2	Premium room with lounge access and concierge service
\.


--
-- TOC entry 5035 (class 0 OID 16405)
-- Dependencies: 215
-- Data for Name: __EFMigrationsHistory; Type: TABLE DATA; Schema: public; Owner: innhotel_user
--

COPY public."__EFMigrationsHistory" ("MigrationId", "ProductVersion") FROM stdin;
20250516175150_InitialCreate	9.0.0
20250517193759_AddUniqueIdProofNumberConstraint	9.0.0
20250519211552_DropEmployeeRoleAndContactColumns	9.0.0
20250520215827_AddApplicationUsersAndRefreshTokensTables	9.0.0
20250523112202_UpdateRoomStatusConstraint	9.0.0
20250525171218_AddGenderAndIdProofToGuest	9.0.0
20251010201715_AddReservationEntities	9.0.0
20251014192327_AddPriceOverrideToRoom	9.0.0
20251024223838_InitialMigration	9.0.0
20251029232506_AddManualPriceColumn	9.0.0
20251029233911_RenamePriceOverrideToManualPrice	9.0.0
20251030000916_DropBasePriceFromRoomTypes	9.0.0
\.


--
-- TOC entry 5037 (class 0 OID 16757)
-- Dependencies: 217
-- Data for Name: branches; Type: TABLE DATA; Schema: public; Owner: innhotel_user
--

COPY public.branches ("Id", name, location) FROM stdin;
1	Grand Plaza Hotel	 123 Main Street, Downtown, New York, NY 10001
2	Business Central Hotel	555 Financial District, Chicago, IL 60601
5	Mountain View Lodge	321 Alpine Road, Aspen, CO 81611
3	Airport Inn Express	456 Airport Boulevard, Terminal 2, Newark, NJ 07114
4	Seaside Resort & Spa	789 Ocean Drive, Miami Beach, FL 33139
\.


--
-- TOC entry 5042 (class 0 OID 16784)
-- Dependencies: 222
-- Data for Name: employees; Type: TABLE DATA; Schema: public; Owner: innhotel_user
--

COPY public.employees ("Id", branch_id, first_name, last_name, hire_date, "position", "UserId", "Email", "Phone") FROM stdin;
1	1	Thomas	Anderson	2022-03-15	Front Desk Manager	t.anderson	t.anderson@grandplaza.com	+1-555-1001
2	1	Jennifer	White	2021-07-20	Housekeeping Supervisor	j.white	j.white@grandplaza.com	+1-555-1002
3	1	Richard	Taylor	2023-01-10	Concierge	r.taylor	r.taylor@grandplaza.com	+1-555-1003
4	1	Patricia	Martin	2022-09-05	Spa Manager	p.martin	p.martin@grandplaza.com	+1-555-1004
5	2	Daniel	Thompson	2023-02-01	Night Auditor	d.thompson	d.thompson@airportinn.com	+1-555-2001
6	2	Nancy	Garcia	2022-11-15	Reservation Agent	n.garcia	n.garcia@airportinn.com	+1-555-2002
7	3	Mark	Martinez	2021-05-20	Activities Director	m.martinez	m.martinez@seasideresort.com	+1-555-3001
8	3	Linda	Robinson	2022-08-10	Restaurant Manager	l.robinson	l.robinson@seasideresort.com	+1-555-3002
9	4	Kevin	Clark	2022-12-01	Ski School Director	k.clark	k.clark@mountainlodge.com	+1-555-4001
10	4	Barbara	Rodriguez	2023-03-15	Front Desk Agent	b.rodriguez	b.rodriguez@mountainlodge.com	+1-555-4002
11	5	Steven	Lewis	2021-10-10	General Manager	s.lewis	s.lewis@businesscentral.com	+1-555-5001
12	5	Mary	Walker	2022-06-25	Sales Director	m.walker	m.walker@businesscentral.com	+1-555-5002
\.


--
-- TOC entry 5039 (class 0 OID 16763)
-- Dependencies: 219
-- Data for Name: guests; Type: TABLE DATA; Schema: public; Owner: innhotel_user
--

COPY public.guests ("Id", first_name, last_name, id_proof_type, id_proof_number, email, phone, address, gender) FROM stdin;
4	Sarah	Williams	NationalId	NI789456123	sarah.williams@email.com	+1-555-0104	654 Elm Drive, Los Angeles, CA 90001	Female
5	David	Brown	DriverLicense	DL321654987	david.brown@tech.com	+1-555-0105	987 Cedar Lane, Seattle, WA 98101	Male
6	Jessica	Davis	Passport	UK987123456	j.davis@consulting.com	+1-555-0106	147 Birch Street, Denver, CO 80201	Female
7	Robert	Miller	NationalId	NI654321789	robert.miller@email.com	+1-555-0107	258 Spruce Way, Portland, OR 97201	Male
8	Maria	Garcia	Passport	ES123789456	maria.garcia@travel.com	+1-555-0108	369 Redwood Boulevard, San Diego, CA 92101	Female
9	James	Wilson	DriverLicense	DL147258369	j.wilson@finance.com	+1-555-0109	741 Hemlock Court, Phoenix, AZ 85001	Male
10	Lisa	Anderson	NationalId	NI369258147	lisa.anderson@email.com	+1-555-0110	852 Sequoia Place, Dallas, TX 75201	Female
1	John	Smith	Passport	US1234567895	john.smith@email.com	+1-555-0101	456 Oak Avenue, Boston, MA 02108	Male
2	Emily	Johnson	DriverLicense	DL987654321	emily.j@company.com	+1-555-0102	789 Maple Street, Philadelphia, PA 19103	Male
3	Michael	Chen	DriverLicense	CN4567891255	m.chen@globalcorp.com	+1-555-0103	321 Pine Road, San Francisco, CA 94102	Female
\.


--
-- TOC entry 5054 (class 0 OID 16886)
-- Dependencies: 234
-- Data for Name: reservation_rooms; Type: TABLE DATA; Schema: public; Owner: innhotel_user
--

COPY public.reservation_rooms ("Id", reservation_id, room_id, price_per_night) FROM stdin;
1	1	1	175.00
2	2	12	375.00
3	3	17	180.00
4	4	5	450.00
5	5	14	200.00
6	6	7	95.00
7	7	11	275.00
8	8	3	225.00
9	9	18	320.00
10	10	15	200.00
\.


--
-- TOC entry 5052 (class 0 OID 16868)
-- Dependencies: 232
-- Data for Name: reservation_services; Type: TABLE DATA; Schema: public; Owner: innhotel_user
--

COPY public.reservation_services ("Id", reservation_id, service_id, quantity, total_price, "UnitPrice") FROM stdin;
1	1	1	2	50.00	25.00
2	1	2	1	150.00	150.00
3	2	9	3	225.00	75.00
4	2	10	2	250.00	125.00
5	3	16	2	200.00	100.00
6	4	3	1	35.00	35.00
7	4	5	3	135.00	45.00
8	5	13	4	220.00	55.00
9	5	14	2	360.00	180.00
10	6	7	1	30.00	30.00
11	7	11	2	170.00	85.00
12	7	12	2	190.00	95.00
13	8	1	2	50.00	25.00
14	8	4	1	50.00	50.00
15	9	16	8	800.00	100.00
16	9	17	5	300.00	60.00
17	10	13	2	110.00	55.00
18	10	15	3	75.00	25.00
\.


--
-- TOC entry 5048 (class 0 OID 16825)
-- Dependencies: 228
-- Data for Name: reservations; Type: TABLE DATA; Schema: public; Owner: innhotel_user
--

COPY public.reservations ("Id", guest_id, check_in_date, check_out_date, reservation_date, status, total_cost) FROM stdin;
1	1	2024-11-15	2024-11-18	2024-10-20 14:30:00+03	Confirmed	525.00
2	2	2024-11-20	2024-11-25	2024-10-25 10:15:00+03	Confirmed	1875.00
3	3	2024-11-22	2024-11-23	2024-10-28 16:45:00+03	Pending	180.00
4	4	2024-11-25	2024-11-27	2024-11-01 09:20:00+03	Checked In	900.00
5	5	2024-12-01	2024-12-07	2024-11-02 11:30:00+03	Confirmed	1200.00
6	6	2024-12-05	2024-12-06	2024-11-03 13:00:00+03	Confirmed	95.00
7	7	2024-12-10	2024-12-15	2024-11-04 15:45:00+03	Confirmed	1375.00
8	8	2024-12-12	2024-12-14	2024-11-05 08:30:00+03	Pending	450.00
9	9	2024-12-15	2024-12-20	2024-11-06 12:15:00+03	Confirmed	1600.00
10	10	2024-12-18	2024-12-21	2024-11-07 14:20:00+03	Confirmed	600.00
\.


--
-- TOC entry 5040 (class 0 OID 16778)
-- Dependencies: 220
-- Data for Name: room_services; Type: TABLE DATA; Schema: public; Owner: innhotel_user
--

COPY public.room_services ("RoomId", "ServiceId", "Id") FROM stdin;
\.


--
-- TOC entry 5050 (class 0 OID 16850)
-- Dependencies: 230
-- Data for Name: rooms; Type: TABLE DATA; Schema: public; Owner: innhotel_user
--

COPY public.rooms ("Id", branch_id, room_type_id, room_number, status, floor, manual_price) FROM stdin;
1	1	1	101	Available	1	150.00
2	1	1	102	Occupied	1	150.00
3	1	2	201	Available	2	225.00
4	1	2	202	UnderMaintenance	2	225.00
5	1	3	301	Occupied	3	450.00
6	1	4	401	Available	4	800.00
7	2	5	A101	Available	1	95.00
8	2	5	A102	Occupied	1	95.00
9	2	6	B201	Available	2	180.00
10	2	7	C301	UnderMaintenance	3	140.00
11	3	8	G101	Available	1	275.00
12	3	9	O201	Occupied	2	350.00
13	3	10	V301	Available	3	650.00
14	4	11	C101	Available	1	200.00
15	4	11	C102	Occupied	1	200.00
16	4	12	L201	UnderMaintenance	2	380.00
17	5	13	E101	Available	10	180.00
18	5	14	E201	Occupied	20	320.00
19	1	1	112	Available	1	150.00
\.


--
-- TOC entry 5046 (class 0 OID 16811)
-- Dependencies: 226
-- Data for Name: services; Type: TABLE DATA; Schema: public; Owner: innhotel_user
--

COPY public.services ("Id", branch_id, name, price, description) FROM stdin;
2	1	Spa Treatment - 60min	150.00	Full body massage with aromatherapy
3	1	Airport Shuttle	35.00	Round trip airport transfer service
4	1	Business Center Access	50.00	24-hour access to business facilities
5	1	Laundry Service - Express	45.00	Same-day laundry and pressing service
6	2	Airport Shuttle - One Way	15.00	Transfer to/from airport terminals
7	2	Early Check-in	30.00	Guaranteed room access before 3 PM
8	2	Late Check-out	40.00	Extended stay until 2 PM
9	3	Beach Cabana Rental	75.00	Private cabana with lounge chairs and service
10	3	Scuba Diving Lesson	125.00	Beginner scuba diving session with equipment
11	3	Sunset Cruise	85.00	Evening boat tour with refreshments
12	3	Spa Facial Treatment	95.00	Rejuvenating facial with premium products
13	4	Ski Equipment Rental	55.00	Full day ski equipment rental
14	4	Ski Lesson - Private	180.00	One-on-one ski instruction
15	4	Firewood Delivery	25.00	Firewood for your room fireplace
16	5	Meeting Room Rental - Hourly	100.00	Fully equipped meeting room
17	5	Secretarial Services	60.00	Professional administrative support
18	5	Printing Services	0.50	Per page black and white printing
1	4	Room Service Breakfast	25.00	Continental breakfast delivered to your room
\.


--
-- TOC entry 5076 (class 0 OID 0)
-- Dependencies: 237
-- Name: AspNetRoleClaims_Id_seq; Type: SEQUENCE SET; Schema: public; Owner: innhotel_user
--

SELECT pg_catalog.setval('public."AspNetRoleClaims_Id_seq"', 1, false);


--
-- TOC entry 5077 (class 0 OID 0)
-- Dependencies: 239
-- Name: AspNetUserClaims_Id_seq; Type: SEQUENCE SET; Schema: public; Owner: innhotel_user
--

SELECT pg_catalog.setval('public."AspNetUserClaims_Id_seq"', 1, false);


--
-- TOC entry 5078 (class 0 OID 0)
-- Dependencies: 246
-- Name: Notifications_Id_seq; Type: SEQUENCE SET; Schema: public; Owner: innhotel_user
--

SELECT pg_catalog.setval('public."Notifications_Id_seq"', 1, false);


--
-- TOC entry 5079 (class 0 OID 0)
-- Dependencies: 248
-- Name: Payments_Id_seq; Type: SEQUENCE SET; Schema: public; Owner: innhotel_user
--

SELECT pg_catalog.setval('public."Payments_Id_seq"', 1, false);


--
-- TOC entry 5080 (class 0 OID 0)
-- Dependencies: 244
-- Name: RefreshTokens_Id_seq; Type: SEQUENCE SET; Schema: public; Owner: innhotel_user
--

SELECT pg_catalog.setval('public."RefreshTokens_Id_seq"', 25, true);


--
-- TOC entry 5081 (class 0 OID 0)
-- Dependencies: 223
-- Name: RoomTypes_Id_seq; Type: SEQUENCE SET; Schema: public; Owner: innhotel_user
--

SELECT pg_catalog.setval('public."RoomTypes_Id_seq"', 16, true);


--
-- TOC entry 5082 (class 0 OID 0)
-- Dependencies: 216
-- Name: branches_Id_seq; Type: SEQUENCE SET; Schema: public; Owner: innhotel_user
--

SELECT pg_catalog.setval('public."branches_Id_seq"', 6, true);


--
-- TOC entry 5083 (class 0 OID 0)
-- Dependencies: 221
-- Name: employees_Id_seq; Type: SEQUENCE SET; Schema: public; Owner: innhotel_user
--

SELECT pg_catalog.setval('public."employees_Id_seq"', 13, false);


--
-- TOC entry 5084 (class 0 OID 0)
-- Dependencies: 218
-- Name: guests_Id_seq; Type: SEQUENCE SET; Schema: public; Owner: innhotel_user
--

SELECT pg_catalog.setval('public."guests_Id_seq"', 11, true);


--
-- TOC entry 5085 (class 0 OID 0)
-- Dependencies: 233
-- Name: reservation_rooms_Id_seq; Type: SEQUENCE SET; Schema: public; Owner: innhotel_user
--

SELECT pg_catalog.setval('public."reservation_rooms_Id_seq"', 11, false);


--
-- TOC entry 5086 (class 0 OID 0)
-- Dependencies: 231
-- Name: reservation_services_Id_seq; Type: SEQUENCE SET; Schema: public; Owner: innhotel_user
--

SELECT pg_catalog.setval('public."reservation_services_Id_seq"', 19, false);


--
-- TOC entry 5087 (class 0 OID 0)
-- Dependencies: 227
-- Name: reservations_Id_seq; Type: SEQUENCE SET; Schema: public; Owner: innhotel_user
--

SELECT pg_catalog.setval('public."reservations_Id_seq"', 3, true);


--
-- TOC entry 5088 (class 0 OID 0)
-- Dependencies: 229
-- Name: rooms_Id_seq; Type: SEQUENCE SET; Schema: public; Owner: innhotel_user
--

SELECT pg_catalog.setval('public."rooms_Id_seq"', 20, true);


--
-- TOC entry 5089 (class 0 OID 0)
-- Dependencies: 225
-- Name: services_Id_seq; Type: SEQUENCE SET; Schema: public; Owner: innhotel_user
--

SELECT pg_catalog.setval('public."services_Id_seq"', 19, true);


--
-- TOC entry 4846 (class 2606 OID 16938)
-- Name: AspNetRoleClaims PK_AspNetRoleClaims; Type: CONSTRAINT; Schema: public; Owner: innhotel_user
--

ALTER TABLE ONLY public."AspNetRoleClaims"
    ADD CONSTRAINT "PK_AspNetRoleClaims" PRIMARY KEY ("Id");


--
-- TOC entry 4838 (class 2606 OID 16923)
-- Name: AspNetRoles PK_AspNetRoles; Type: CONSTRAINT; Schema: public; Owner: innhotel_user
--

ALTER TABLE ONLY public."AspNetRoles"
    ADD CONSTRAINT "PK_AspNetRoles" PRIMARY KEY ("Id");


--
-- TOC entry 4849 (class 2606 OID 16951)
-- Name: AspNetUserClaims PK_AspNetUserClaims; Type: CONSTRAINT; Schema: public; Owner: innhotel_user
--

ALTER TABLE ONLY public."AspNetUserClaims"
    ADD CONSTRAINT "PK_AspNetUserClaims" PRIMARY KEY ("Id");


--
-- TOC entry 4852 (class 2606 OID 16963)
-- Name: AspNetUserLogins PK_AspNetUserLogins; Type: CONSTRAINT; Schema: public; Owner: innhotel_user
--

ALTER TABLE ONLY public."AspNetUserLogins"
    ADD CONSTRAINT "PK_AspNetUserLogins" PRIMARY KEY ("LoginProvider", "ProviderKey");


--
-- TOC entry 4855 (class 2606 OID 16975)
-- Name: AspNetUserRoles PK_AspNetUserRoles; Type: CONSTRAINT; Schema: public; Owner: innhotel_user
--

ALTER TABLE ONLY public."AspNetUserRoles"
    ADD CONSTRAINT "PK_AspNetUserRoles" PRIMARY KEY ("UserId", "RoleId");


--
-- TOC entry 4857 (class 2606 OID 16992)
-- Name: AspNetUserTokens PK_AspNetUserTokens; Type: CONSTRAINT; Schema: public; Owner: innhotel_user
--

ALTER TABLE ONLY public."AspNetUserTokens"
    ADD CONSTRAINT "PK_AspNetUserTokens" PRIMARY KEY ("UserId", "LoginProvider", "Name");


--
-- TOC entry 4842 (class 2606 OID 16930)
-- Name: AspNetUsers PK_AspNetUsers; Type: CONSTRAINT; Schema: public; Owner: innhotel_user
--

ALTER TABLE ONLY public."AspNetUsers"
    ADD CONSTRAINT "PK_AspNetUsers" PRIMARY KEY ("Id");


--
-- TOC entry 4866 (class 2606 OID 17047)
-- Name: Notifications PK_Notifications; Type: CONSTRAINT; Schema: public; Owner: innhotel_user
--

ALTER TABLE ONLY public."Notifications"
    ADD CONSTRAINT "PK_Notifications" PRIMARY KEY ("Id");


--
-- TOC entry 4872 (class 2606 OID 17057)
-- Name: Payments PK_Payments; Type: CONSTRAINT; Schema: public; Owner: innhotel_user
--

ALTER TABLE ONLY public."Payments"
    ADD CONSTRAINT "PK_Payments" PRIMARY KEY ("Id");


--
-- TOC entry 4860 (class 2606 OID 17005)
-- Name: RefreshTokens PK_RefreshTokens; Type: CONSTRAINT; Schema: public; Owner: innhotel_user
--

ALTER TABLE ONLY public."RefreshTokens"
    ADD CONSTRAINT "PK_RefreshTokens" PRIMARY KEY ("Id");


--
-- TOC entry 4804 (class 2606 OID 16409)
-- Name: __EFMigrationsHistory PK___EFMigrationsHistory; Type: CONSTRAINT; Schema: public; Owner: innhotel_user
--

ALTER TABLE ONLY public."__EFMigrationsHistory"
    ADD CONSTRAINT "PK___EFMigrationsHistory" PRIMARY KEY ("MigrationId");


--
-- TOC entry 4811 (class 2606 OID 16782)
-- Name: room_services PK_room_services; Type: CONSTRAINT; Schema: public; Owner: innhotel_user
--

ALTER TABLE ONLY public.room_services
    ADD CONSTRAINT "PK_room_services" PRIMARY KEY ("RoomId", "ServiceId");


--
-- TOC entry 4806 (class 2606 OID 16761)
-- Name: branches branch_id; Type: CONSTRAINT; Schema: public; Owner: innhotel_user
--

ALTER TABLE ONLY public.branches
    ADD CONSTRAINT branch_id PRIMARY KEY ("Id");


--
-- TOC entry 4815 (class 2606 OID 16789)
-- Name: employees employee_id; Type: CONSTRAINT; Schema: public; Owner: innhotel_user
--

ALTER TABLE ONLY public.employees
    ADD CONSTRAINT employee_id PRIMARY KEY ("Id");


--
-- TOC entry 4809 (class 2606 OID 16769)
-- Name: guests guest_id; Type: CONSTRAINT; Schema: public; Owner: innhotel_user
--

ALTER TABLE ONLY public.guests
    ADD CONSTRAINT guest_id PRIMARY KEY ("Id");


--
-- TOC entry 4824 (class 2606 OID 16833)
-- Name: reservations reservation_id; Type: CONSTRAINT; Schema: public; Owner: innhotel_user
--

ALTER TABLE ONLY public.reservations
    ADD CONSTRAINT reservation_id PRIMARY KEY ("Id");


--
-- TOC entry 4836 (class 2606 OID 16891)
-- Name: reservation_rooms reservation_room_id; Type: CONSTRAINT; Schema: public; Owner: innhotel_user
--

ALTER TABLE ONLY public.reservation_rooms
    ADD CONSTRAINT reservation_room_id PRIMARY KEY ("Id");


--
-- TOC entry 4832 (class 2606 OID 16874)
-- Name: reservation_services reservation_service_id; Type: CONSTRAINT; Schema: public; Owner: innhotel_user
--

ALTER TABLE ONLY public.reservation_services
    ADD CONSTRAINT reservation_service_id PRIMARY KEY ("Id");


--
-- TOC entry 4828 (class 2606 OID 16856)
-- Name: rooms room_id; Type: CONSTRAINT; Schema: public; Owner: innhotel_user
--

ALTER TABLE ONLY public.rooms
    ADD CONSTRAINT room_id PRIMARY KEY ("Id");


--
-- TOC entry 4818 (class 2606 OID 16804)
-- Name: RoomTypes room_type_id; Type: CONSTRAINT; Schema: public; Owner: innhotel_user
--

ALTER TABLE ONLY public."RoomTypes"
    ADD CONSTRAINT room_type_id PRIMARY KEY ("Id");


--
-- TOC entry 4821 (class 2606 OID 16818)
-- Name: services service_id; Type: CONSTRAINT; Schema: public; Owner: innhotel_user
--

ALTER TABLE ONLY public.services
    ADD CONSTRAINT service_id PRIMARY KEY ("Id");


--
-- TOC entry 4840 (class 1259 OID 17017)
-- Name: EmailIndex; Type: INDEX; Schema: public; Owner: innhotel_user
--

CREATE INDEX "EmailIndex" ON public."AspNetUsers" USING btree ("NormalizedEmail");


--
-- TOC entry 4844 (class 1259 OID 17012)
-- Name: IX_AspNetRoleClaims_RoleId; Type: INDEX; Schema: public; Owner: innhotel_user
--

CREATE INDEX "IX_AspNetRoleClaims_RoleId" ON public."AspNetRoleClaims" USING btree ("RoleId");


--
-- TOC entry 4847 (class 1259 OID 17014)
-- Name: IX_AspNetUserClaims_UserId; Type: INDEX; Schema: public; Owner: innhotel_user
--

CREATE INDEX "IX_AspNetUserClaims_UserId" ON public."AspNetUserClaims" USING btree ("UserId");


--
-- TOC entry 4850 (class 1259 OID 17015)
-- Name: IX_AspNetUserLogins_UserId; Type: INDEX; Schema: public; Owner: innhotel_user
--

CREATE INDEX "IX_AspNetUserLogins_UserId" ON public."AspNetUserLogins" USING btree ("UserId");


--
-- TOC entry 4853 (class 1259 OID 17016)
-- Name: IX_AspNetUserRoles_RoleId; Type: INDEX; Schema: public; Owner: innhotel_user
--

CREATE INDEX "IX_AspNetUserRoles_RoleId" ON public."AspNetUserRoles" USING btree ("RoleId");


--
-- TOC entry 4861 (class 1259 OID 17063)
-- Name: IX_Notifications_CreatedAt; Type: INDEX; Schema: public; Owner: innhotel_user
--

CREATE INDEX "IX_Notifications_CreatedAt" ON public."Notifications" USING btree ("CreatedAt");


--
-- TOC entry 4862 (class 1259 OID 17064)
-- Name: IX_Notifications_Status; Type: INDEX; Schema: public; Owner: innhotel_user
--

CREATE INDEX "IX_Notifications_Status" ON public."Notifications" USING btree ("Status");


--
-- TOC entry 4863 (class 1259 OID 17065)
-- Name: IX_Notifications_Type; Type: INDEX; Schema: public; Owner: innhotel_user
--

CREATE INDEX "IX_Notifications_Type" ON public."Notifications" USING btree ("Type");


--
-- TOC entry 4864 (class 1259 OID 17066)
-- Name: IX_Notifications_UserId; Type: INDEX; Schema: public; Owner: innhotel_user
--

CREATE INDEX "IX_Notifications_UserId" ON public."Notifications" USING btree ("UserId");


--
-- TOC entry 4867 (class 1259 OID 17067)
-- Name: IX_Payments_PaymentDate; Type: INDEX; Schema: public; Owner: innhotel_user
--

CREATE INDEX "IX_Payments_PaymentDate" ON public."Payments" USING btree ("PaymentDate");


--
-- TOC entry 4868 (class 1259 OID 17068)
-- Name: IX_Payments_ReservationId; Type: INDEX; Schema: public; Owner: innhotel_user
--

CREATE INDEX "IX_Payments_ReservationId" ON public."Payments" USING btree ("ReservationId");


--
-- TOC entry 4869 (class 1259 OID 17069)
-- Name: IX_Payments_Status; Type: INDEX; Schema: public; Owner: innhotel_user
--

CREATE INDEX "IX_Payments_Status" ON public."Payments" USING btree ("Status");


--
-- TOC entry 4870 (class 1259 OID 17070)
-- Name: IX_Payments_TransactionId; Type: INDEX; Schema: public; Owner: innhotel_user
--

CREATE INDEX "IX_Payments_TransactionId" ON public."Payments" USING btree ("TransactionId");


--
-- TOC entry 4858 (class 1259 OID 17019)
-- Name: IX_RefreshTokens_UserId; Type: INDEX; Schema: public; Owner: innhotel_user
--

CREATE INDEX "IX_RefreshTokens_UserId" ON public."RefreshTokens" USING btree ("UserId");


--
-- TOC entry 4816 (class 1259 OID 16912)
-- Name: IX_RoomTypes_branch_id; Type: INDEX; Schema: public; Owner: innhotel_user
--

CREATE INDEX "IX_RoomTypes_branch_id" ON public."RoomTypes" USING btree (branch_id);


--
-- TOC entry 4812 (class 1259 OID 17011)
-- Name: IX_employees_UserId; Type: INDEX; Schema: public; Owner: innhotel_user
--

CREATE UNIQUE INDEX "IX_employees_UserId" ON public.employees USING btree ("UserId");


--
-- TOC entry 4813 (class 1259 OID 16902)
-- Name: IX_employees_branch_id; Type: INDEX; Schema: public; Owner: innhotel_user
--

CREATE INDEX "IX_employees_branch_id" ON public.employees USING btree (branch_id);


--
-- TOC entry 4833 (class 1259 OID 16904)
-- Name: IX_reservation_rooms_reservation_id; Type: INDEX; Schema: public; Owner: innhotel_user
--

CREATE INDEX "IX_reservation_rooms_reservation_id" ON public.reservation_rooms USING btree (reservation_id);


--
-- TOC entry 4834 (class 1259 OID 16905)
-- Name: IX_reservation_rooms_room_id; Type: INDEX; Schema: public; Owner: innhotel_user
--

CREATE INDEX "IX_reservation_rooms_room_id" ON public.reservation_rooms USING btree (room_id);


--
-- TOC entry 4829 (class 1259 OID 16906)
-- Name: IX_reservation_services_reservation_id; Type: INDEX; Schema: public; Owner: innhotel_user
--

CREATE INDEX "IX_reservation_services_reservation_id" ON public.reservation_services USING btree (reservation_id);


--
-- TOC entry 4830 (class 1259 OID 16907)
-- Name: IX_reservation_services_service_id; Type: INDEX; Schema: public; Owner: innhotel_user
--

CREATE INDEX "IX_reservation_services_service_id" ON public.reservation_services USING btree (service_id);


--
-- TOC entry 4822 (class 1259 OID 16908)
-- Name: IX_reservations_guest_id; Type: INDEX; Schema: public; Owner: innhotel_user
--

CREATE INDEX "IX_reservations_guest_id" ON public.reservations USING btree (guest_id);


--
-- TOC entry 4825 (class 1259 OID 16910)
-- Name: IX_rooms_room_type_id; Type: INDEX; Schema: public; Owner: innhotel_user
--

CREATE INDEX "IX_rooms_room_type_id" ON public.rooms USING btree (room_type_id);


--
-- TOC entry 4819 (class 1259 OID 16913)
-- Name: IX_services_branch_id; Type: INDEX; Schema: public; Owner: innhotel_user
--

CREATE INDEX "IX_services_branch_id" ON public.services USING btree (branch_id);


--
-- TOC entry 4839 (class 1259 OID 17013)
-- Name: RoleNameIndex; Type: INDEX; Schema: public; Owner: innhotel_user
--

CREATE UNIQUE INDEX "RoleNameIndex" ON public."AspNetRoles" USING btree ("NormalizedName");


--
-- TOC entry 4807 (class 1259 OID 16914)
-- Name: UX_guests_idproof_number; Type: INDEX; Schema: public; Owner: innhotel_user
--

CREATE UNIQUE INDEX "UX_guests_idproof_number" ON public.guests USING btree (id_proof_number);


--
-- TOC entry 4826 (class 1259 OID 16911)
-- Name: UX_rooms_branch_roomnumber; Type: INDEX; Schema: public; Owner: innhotel_user
--

CREATE UNIQUE INDEX "UX_rooms_branch_roomnumber" ON public.rooms USING btree (branch_id, room_number);


--
-- TOC entry 4843 (class 1259 OID 17018)
-- Name: UserNameIndex; Type: INDEX; Schema: public; Owner: innhotel_user
--

CREATE UNIQUE INDEX "UserNameIndex" ON public."AspNetUsers" USING btree ("NormalizedUserName");


--
-- TOC entry 4884 (class 2606 OID 16939)
-- Name: AspNetRoleClaims FK_AspNetRoleClaims_AspNetRoles_RoleId; Type: FK CONSTRAINT; Schema: public; Owner: innhotel_user
--

ALTER TABLE ONLY public."AspNetRoleClaims"
    ADD CONSTRAINT "FK_AspNetRoleClaims_AspNetRoles_RoleId" FOREIGN KEY ("RoleId") REFERENCES public."AspNetRoles"("Id") ON DELETE CASCADE;


--
-- TOC entry 4885 (class 2606 OID 16952)
-- Name: AspNetUserClaims FK_AspNetUserClaims_AspNetUsers_UserId; Type: FK CONSTRAINT; Schema: public; Owner: innhotel_user
--

ALTER TABLE ONLY public."AspNetUserClaims"
    ADD CONSTRAINT "FK_AspNetUserClaims_AspNetUsers_UserId" FOREIGN KEY ("UserId") REFERENCES public."AspNetUsers"("Id") ON DELETE CASCADE;


--
-- TOC entry 4886 (class 2606 OID 16964)
-- Name: AspNetUserLogins FK_AspNetUserLogins_AspNetUsers_UserId; Type: FK CONSTRAINT; Schema: public; Owner: innhotel_user
--

ALTER TABLE ONLY public."AspNetUserLogins"
    ADD CONSTRAINT "FK_AspNetUserLogins_AspNetUsers_UserId" FOREIGN KEY ("UserId") REFERENCES public."AspNetUsers"("Id") ON DELETE CASCADE;


--
-- TOC entry 4887 (class 2606 OID 16976)
-- Name: AspNetUserRoles FK_AspNetUserRoles_AspNetRoles_RoleId; Type: FK CONSTRAINT; Schema: public; Owner: innhotel_user
--

ALTER TABLE ONLY public."AspNetUserRoles"
    ADD CONSTRAINT "FK_AspNetUserRoles_AspNetRoles_RoleId" FOREIGN KEY ("RoleId") REFERENCES public."AspNetRoles"("Id") ON DELETE CASCADE;


--
-- TOC entry 4888 (class 2606 OID 16981)
-- Name: AspNetUserRoles FK_AspNetUserRoles_AspNetUsers_UserId; Type: FK CONSTRAINT; Schema: public; Owner: innhotel_user
--

ALTER TABLE ONLY public."AspNetUserRoles"
    ADD CONSTRAINT "FK_AspNetUserRoles_AspNetUsers_UserId" FOREIGN KEY ("UserId") REFERENCES public."AspNetUsers"("Id") ON DELETE CASCADE;


--
-- TOC entry 4889 (class 2606 OID 16993)
-- Name: AspNetUserTokens FK_AspNetUserTokens_AspNetUsers_UserId; Type: FK CONSTRAINT; Schema: public; Owner: innhotel_user
--

ALTER TABLE ONLY public."AspNetUserTokens"
    ADD CONSTRAINT "FK_AspNetUserTokens_AspNetUsers_UserId" FOREIGN KEY ("UserId") REFERENCES public."AspNetUsers"("Id") ON DELETE CASCADE;


--
-- TOC entry 4891 (class 2606 OID 17058)
-- Name: Payments FK_Payments_reservations_ReservationId; Type: FK CONSTRAINT; Schema: public; Owner: innhotel_user
--

ALTER TABLE ONLY public."Payments"
    ADD CONSTRAINT "FK_Payments_reservations_ReservationId" FOREIGN KEY ("ReservationId") REFERENCES public.reservations("Id") ON DELETE CASCADE;


--
-- TOC entry 4890 (class 2606 OID 17006)
-- Name: RefreshTokens FK_RefreshTokens_AspNetUsers_UserId; Type: FK CONSTRAINT; Schema: public; Owner: innhotel_user
--

ALTER TABLE ONLY public."RefreshTokens"
    ADD CONSTRAINT "FK_RefreshTokens_AspNetUsers_UserId" FOREIGN KEY ("UserId") REFERENCES public."AspNetUsers"("Id") ON DELETE CASCADE;


--
-- TOC entry 4875 (class 2606 OID 16805)
-- Name: RoomTypes FK_RoomTypes_branches_branch_id; Type: FK CONSTRAINT; Schema: public; Owner: innhotel_user
--

ALTER TABLE ONLY public."RoomTypes"
    ADD CONSTRAINT "FK_RoomTypes_branches_branch_id" FOREIGN KEY (branch_id) REFERENCES public.branches("Id") ON DELETE CASCADE;


--
-- TOC entry 4873 (class 2606 OID 17020)
-- Name: employees FK_employees_AspNetUsers_UserId; Type: FK CONSTRAINT; Schema: public; Owner: innhotel_user
--

ALTER TABLE ONLY public.employees
    ADD CONSTRAINT "FK_employees_AspNetUsers_UserId" FOREIGN KEY ("UserId") REFERENCES public."AspNetUsers"("Id") ON DELETE CASCADE;


--
-- TOC entry 4874 (class 2606 OID 16790)
-- Name: employees FK_employees_branches_branch_id; Type: FK CONSTRAINT; Schema: public; Owner: innhotel_user
--

ALTER TABLE ONLY public.employees
    ADD CONSTRAINT "FK_employees_branches_branch_id" FOREIGN KEY (branch_id) REFERENCES public.branches("Id") ON DELETE CASCADE;


--
-- TOC entry 4882 (class 2606 OID 16892)
-- Name: reservation_rooms FK_reservation_rooms_reservations_reservation_id; Type: FK CONSTRAINT; Schema: public; Owner: innhotel_user
--

ALTER TABLE ONLY public.reservation_rooms
    ADD CONSTRAINT "FK_reservation_rooms_reservations_reservation_id" FOREIGN KEY (reservation_id) REFERENCES public.reservations("Id") ON DELETE CASCADE;


--
-- TOC entry 4883 (class 2606 OID 16897)
-- Name: reservation_rooms FK_reservation_rooms_rooms_room_id; Type: FK CONSTRAINT; Schema: public; Owner: innhotel_user
--

ALTER TABLE ONLY public.reservation_rooms
    ADD CONSTRAINT "FK_reservation_rooms_rooms_room_id" FOREIGN KEY (room_id) REFERENCES public.rooms("Id") ON DELETE RESTRICT;


--
-- TOC entry 4880 (class 2606 OID 16875)
-- Name: reservation_services FK_reservation_services_reservations_reservation_id; Type: FK CONSTRAINT; Schema: public; Owner: innhotel_user
--

ALTER TABLE ONLY public.reservation_services
    ADD CONSTRAINT "FK_reservation_services_reservations_reservation_id" FOREIGN KEY (reservation_id) REFERENCES public.reservations("Id") ON DELETE CASCADE;


--
-- TOC entry 4881 (class 2606 OID 16880)
-- Name: reservation_services FK_reservation_services_services_service_id; Type: FK CONSTRAINT; Schema: public; Owner: innhotel_user
--

ALTER TABLE ONLY public.reservation_services
    ADD CONSTRAINT "FK_reservation_services_services_service_id" FOREIGN KEY (service_id) REFERENCES public.services("Id") ON DELETE RESTRICT;


--
-- TOC entry 4877 (class 2606 OID 16834)
-- Name: reservations FK_reservations_guests_guest_id; Type: FK CONSTRAINT; Schema: public; Owner: innhotel_user
--

ALTER TABLE ONLY public.reservations
    ADD CONSTRAINT "FK_reservations_guests_guest_id" FOREIGN KEY (guest_id) REFERENCES public.guests("Id") ON DELETE CASCADE;


--
-- TOC entry 4878 (class 2606 OID 16857)
-- Name: rooms FK_rooms_RoomTypes_room_type_id; Type: FK CONSTRAINT; Schema: public; Owner: innhotel_user
--

ALTER TABLE ONLY public.rooms
    ADD CONSTRAINT "FK_rooms_RoomTypes_room_type_id" FOREIGN KEY (room_type_id) REFERENCES public."RoomTypes"("Id") ON DELETE RESTRICT;


--
-- TOC entry 4879 (class 2606 OID 16862)
-- Name: rooms FK_rooms_branches_branch_id; Type: FK CONSTRAINT; Schema: public; Owner: innhotel_user
--

ALTER TABLE ONLY public.rooms
    ADD CONSTRAINT "FK_rooms_branches_branch_id" FOREIGN KEY (branch_id) REFERENCES public.branches("Id") ON DELETE CASCADE;


--
-- TOC entry 4876 (class 2606 OID 16819)
-- Name: services FK_services_branches_branch_id; Type: FK CONSTRAINT; Schema: public; Owner: innhotel_user
--

ALTER TABLE ONLY public.services
    ADD CONSTRAINT "FK_services_branches_branch_id" FOREIGN KEY (branch_id) REFERENCES public.branches("Id") ON DELETE CASCADE;


--
-- TOC entry 5075 (class 0 OID 0)
-- Dependencies: 5
-- Name: SCHEMA public; Type: ACL; Schema: -; Owner: pg_database_owner
--

GRANT ALL ON SCHEMA public TO innhotel_user;


--
-- TOC entry 2132 (class 826 OID 16404)
-- Name: DEFAULT PRIVILEGES FOR SEQUENCES; Type: DEFAULT ACL; Schema: public; Owner: postgres
--

ALTER DEFAULT PRIVILEGES FOR ROLE postgres IN SCHEMA public GRANT ALL ON SEQUENCES TO innhotel_user;


--
-- TOC entry 2131 (class 826 OID 16403)
-- Name: DEFAULT PRIVILEGES FOR TABLES; Type: DEFAULT ACL; Schema: public; Owner: postgres
--

ALTER DEFAULT PRIVILEGES FOR ROLE postgres IN SCHEMA public GRANT SELECT,INSERT,REFERENCES,DELETE,TRIGGER,TRUNCATE,UPDATE ON TABLES TO innhotel_user;


-- Completed on 2025-11-04 01:41:42

--
-- PostgreSQL database dump complete
--

\unrestrict eVlfi78pJBEdftzSVdmPjhBHq3syn6ZjiEm1blA0ta27l9pwdkhCzaAzSb5RM2I

